[
  { "code": "BSL", "name": "Basel", "lat": 47.5896, "lon": 7.5299 },
  { "code": "ZRH", "name": "Zürich", "lat": 47.4581, "lon": 8.5555 },
  { "code": "GVA", "name": "Genf", "lat": 46.2381, "lon": 6.1090 },
  { "code": "EDI", "name": "Edinburgh", "lat": 55.9500, "lon": -3.3725 },
  { "code": "BER", "name": "Berlin", "lat": 52.3667, "lon": 13.5033 },
  { "code": "ORY", "name": "Paris (Orly)", "lat": 48.7262, "lon": 2.3652 },
  { "code": "CDG", "name": "Paris (CDG)", "lat": 49.0097, "lon": 2.5479 },
  { "code": "FRA", "name": "Frankfurt", "lat": 50.0379, "lon": 8.5622 },
  { "code": "MUC", "name": "München", "lat": 48.3538, "lon": 11.7861 },
  { "code": "JFK", "name": "New York (JFK)", "lat": 40.6413, "lon": -73.7781 },
  { "code": "LHR", "name": "London (Heathrow)", "lat": 51.4700, "lon": -0.4543 },
  { "code": "LGW", "name": "London (Gatwick)", "lat": 51.1537, "lon": -0.1821 },
  { "code": "AMS", "name": "Amsterdam", "lat": 52.3105, "lon": 4.7683 },
  { "code": "MAD", "name": "Madrid", "lat": 40.4983, "lon": -3.5676 },
  { "code": "BCN", "name": "Barcelona", "lat": 41.2974, "lon": 2.0833 },
  { "code": "VIE", "name": "Wien", "lat": 48.1103, "lon": 16.5697 },
  { "code": "BRU", "name": "Brüssel", "lat": 50.9014, "lon": 4.4844 },
  { "code": "CPH", "name": "Kopenhagen", "lat": 55.6180, "lon": 12.6560 },
  { "code": "OSL", "name": "Oslo", "lat": 60.1939, "lon": 11.1004 },
  { "code": "STO", "name": "Stockholm", "lat": 59.3293, "lon": 18.0686 },
  { "code": "DUS", "name": "Düsseldorf", "lat": 51.2895, "lon": 6.7668 },
  { "code": "HAM", "name": "Hamburg", "lat": 53.6304, "lon": 9.9882 },
  { "code": "STR", "name": "Stuttgart", "lat": 48.6899, "lon": 9.2219 },
  { "code": "CGN", "name": "Köln/Bonn", "lat": 50.8659, "lon": 7.1427 },
  { "code": "ZRH", "name": "Zürich", "lat": 47.4581, "lon": 8.5555 },
  { "code": "FCO", "name": "Rom (Fiumicino)", "lat": 41.8003, "lon": 12.2389 },
  { "code": "MXP", "name": "Mailand (Malpensa)", "lat": 45.6301, "lon": 8.7231 },
  { "code": "LIN", "name": "Mailand (Linate)", "lat": 45.4451, "lon": 9.2767 },
  { "code": "VCE", "name": "Venedig", "lat": 45.5053, "lon": 12.3519 },
  { "code": "LIS", "name": "Lissabon", "lat": 38.7742, "lon": -9.1342 },
  { "code": "OPO", "name": "Porto", "lat": 41.2481, "lon": -8.6814 },
  { "code": "ATH", "name": "Athen", "lat": 37.9364, "lon": 23.9445 },
  { "code": "IST", "name": "Istanbul", "lat": 41.2753, "lon": 28.7519 },
  { "code": "SAW", "name": "Istanbul (Sabiha Gökçen)", "lat": 40.8986, "lon": 29.3092 },
  { "code": "HEL", "name": "Helsinki", "lat": 60.3172, "lon": 24.9633 },
  { "code": "DUB", "name": "Dublin", "lat": 53.4213, "lon": -6.2701 },
  { "code": "MAN", "name": "Manchester", "lat": 53.3537, "lon": -2.2749 },
  { "code": "WAW", "name": "Warschau", "lat": 52.1657, "lon": 20.9671 },
  { "code": "PRG", "name": "Prag", "lat": 50.1008, "lon": 14.2632 },
  { "code": "BUD", "name": "Budapest", "lat": 47.4399, "lon": 19.2611 },
  { "code": "DXB", "name": "Dubai", "lat": 25.2532, "lon": 55.3657 },
  { "code": "DOH", "name": "Doha", "lat": 25.2731, "lon": 51.6081 },
  { "code": "AUH", "name": "Abu Dhabi", "lat": 24.4330, "lon": 54.6511 },
  { "code": "SIN", "name": "Singapur", "lat": 1.3644, "lon": 103.9915 },
  { "code": "HKG", "name": "Hongkong", "lat": 22.3080, "lon": 113.9185 },
  { "code": "NRT", "name": "Tokio (Narita)", "lat": 35.7720, "lon": 140.3929 },
  { "code": "HND", "name": "Tokio (Haneda)", "lat": 35.5494, "lon": 139.7798 },
  { "code": "ICN", "name": "Seoul (Incheon)", "lat": 37.4602, "lon": 126.4407 },
  { "code": "PEK", "name": "Peking", "lat": 40.0801, "lon": 116.5846 },
  { "code": "PVG", "name": "Shanghai (Pudong)", "lat": 31.1443, "lon": 121.8083 },
  { "code": "LAX", "name": "Los Angeles", "lat": 33.9416, "lon": -118.4085 },
  { "code": "SFO", "name": "San Francisco", "lat": 37.6213, "lon": -122.3790 },
  { "code": "ORD", "name": "Chicago (O'Hare)", "lat": 41.9742, "lon": -87.9073 },
  { "code": "ATL", "name": "Atlanta", "lat": 33.6407, "lon": -84.4277 },
  { "code": "MIA", "name": "Miami", "lat": 25.7959, "lon": -80.2870 },
  { "code": "BOS", "name": "Boston", "lat": 42.3656, "lon": -71.0096 },
  { "code": "EWR", "name": "New York (Newark)", "lat": 40.6895, "lon": -74.1745 },
  { "code": "YYZ", "name": "Toronto", "lat": 43.6777, "lon": -79.6248 },
  { "code": "YUL", "name": "Montréal", "lat": 45.4706, "lon": -73.7408 },
  { "code": "YVR", "name": "Vancouver", "lat": 49.1967, "lon": -123.1815 },
  { "code": "GRU", "name": "São Paulo (Guarulhos)", "lat": -23.4356, "lon": -46.4731 },
  { "code": "EZE", "name": "Buenos Aires (Ezeiza)", "lat": -34.8222, "lon": -58.5358 },
  { "code": "JNB", "name": "Johannesburg", "lat": -26.1367, "lon": 28.2410 },
  { "code": "CPT", "name": "Kapstadt", "lat": -33.9700, "lon": 18.5970 },
  { "code": "SYD", "name": "Sydney", "lat": -33.9399, "lon": 151.1753 },
  { "code": "MEL", "name": "Melbourne", "lat": -37.6733, "lon": 144.8433 },
  { "code": "AKL", "name": "Auckland", "lat": -37.0082, "lon": 174.7850 }
]
